composer_id,full_name,era,nationality,main_instrument
1,Johann Sebastian Bach,Various,,
2,George Frideric Handel,Various,,
3,Antonio Vivaldi,Various,,
4,Claudio Monteverdi,Various,,
5,Henry Purcell,Various,,
6,Giovanni Pierluigi da Palestrina,Various,,
7,Johann Pachelbel,Various,,
8,Arcangelo Corelli,Various,,
9,Domenico Scarlatti,Various,,
10,Franz Joseph Haydn,Various,,
11,Wolfgang Amadeus Mozart,Various,,
12,Ludwig van Beethoven,Various,,
13,Franz Schubert,Various,,
14,Robert Schumann,Various,,
15,Felix Mendelssohn,Various,,
16,Johannes Brahms,Various,,
17,Frederic Chopin,Various,,
18,Franz Liszt,Various,,
19,Giacomo Puccini,Various,,
20,Giuseppe Verdi,Various,,
21,Richard Wagner,Various,,
22,Pyotr Ilyich Tchaikovsky,Various,,
23,Modest Mussorgsky,Various,,
24,Nikolai Rimsky-Korsakov,Various,,
25,Sergei Rachmaninoff,Various,,
26,Igor Stravinsky,Various,,
27,Claude Debussy,Various,,
28,Maurice Ravel,Various,,
29,Gabriel Fauré,Various,,
30,Camille Saint-Saëns,Various,,
31,Antonín Dvořák,Various,,
32,Bedřich Smetana,Various,,
33,Gustav Mahler,Various,,
34,Anton Bruckner,Various,,
35,Johann Strauss II,Various,,
36,Gioachino Rossini,Various,,
37,Gaetano Donizetti,Various,,
38,Vincenzo Bellini,Various,,
39,Jacques Offenbach,Various,,
40,Georges Bizet,Various,,
41,Alexander Borodin,Various,,
42,Sergei Prokofiev,Various,,
43,Dmitri Shostakovich,Various,,
44,Benjamin Britten,Various,,
45,Edward Elgar,Various,,
46,Ralph Vaughan Williams,Various,,
47,Jean Sibelius,Various,,
48,Leoš Janáček,Various,,
49,Paul Hindemith,Various,,
50,Gustav Holst,Various,,
51,John Dowland,Various,,
52,Josquin des Prez,Various,,
53,Orlando Gibbons,Various,,
54,Arvo Pärt,Various,,
55,Philip Glass,Various,,
56,Steve Reich,Various,,
57,John Adams,Various,,
58,Henryk Górecki,Various,,
59,Olivier Messiaen,Various,,
60,Edvard Grieg,Various,,
61,Francis Poulenc,Various,,
62,Georg Philipp Telemann,Various,,
63,Jean-Philippe Rameau,Various,,
64,Niccolò Paganini,Various,,
65,Alexander Scriabin,Various,,
66,Alban Berg,Various,,
67,Anton Webern,Various,,
68,Egon Wellesz,Various,,
69,Eugène Ysaÿe,Various,,
70,Edgard Varèse,Various,,
71,John Williams,Various,,
72,Ennio Morricone,Various,,
73,Hans Zimmer,Various,,
74,Aram Khachaturian,Various,,
75,Alfred Schnittke,Various,,
76,Krzysztof Penderecki,Various,,
77,Carlo Gesualdo,Various,,
78,John Cage,Various,,
79,Alexander Zemlinsky,Various,,
80,Thomas Tallis,Various,,
81,William Byrd,Various,,
82,George Gershwin,Various,,
83,Duke Ellington,Various,,
84,Scott Joplin,Various,,
85,Charles Ives,Various,,
86,Samuel Barber,Various,,
87,Kaija Saariaho,Various,,
88,Sofia Gubaidulina,Various,,
89,Osvaldo Golijov,Various,,
90,John Corigliano,Various,,
91,Heitor Villa-Lobos,,,
92,Aaron Copland,,,
93,Michel Legrand,,,
94,Gustavo Santaolalla,,,
95,Nino Rota,,,
96,Max Richter,,,
97,Lili Boulanger,,,
98,Erik Satie,,,
99,Agnès Obel,,,
100,Caroline Shaw,,,
