piece_id,title,composer_id,era,major_scale,difficulty,type
1,Brandenburg Concertos,1,Various,,5,Concerto
2,The Well-Tempered Clavier,1,Various,,5,
3,Mass in B minor,1,Various,B minor,5,Mass
4,Goldberg Variations,1,Various,,5,Variations
5,St Matthew Passion,1,Various,,5,
6,Messiah,2,Various,,5,
7,Water Music,2,Various,,5,
8,Music for the Royal Fireworks,2,Various,,5,
9,Solomon,2,Various,,5,
10,Rinaldo,2,Various,,5,
11,The Four Seasons,3,Various,,5,
12,Gloria,3,Various,,5,
13,L'estro armonico,3,Various,,5,
14,Concerto for Two Mandolins,3,Various,,5,Concerto
15,La stravaganza,3,Various,,5,
16,L'Orfeo,4,Various,,5,
17,Vespro della Beata Vergine,4,Various,,5,
18,L'incoronazione di Poppea,4,Various,,5,
19,Madrigals,4,Various,,5,
20,Il ritorno d'Ulisse in patria,4,Various,,5,
21,Dido and Aeneas,5,Various,,5,
22,Music for the Funeral of Queen Mary,5,Various,,5,
23,The Fairy-Queen,5,Various,,5,
24,Abdelazer Suite,5,Various,,5,Suite
25,King Arthur,5,Various,,5,
26,Missa Papae Marcelli,6,Various,,5,
27,Sicut cervus,6,Various,,5,
28,Stabat Mater,6,Various,,5,
29,Missa Brevis,6,Various,,5,
30,Missa Hodie,6,Various,,5,
31,Canon in D,7,Various,,5,
32,Chaconne in F minor,7,Various,F minor,5,Chaconne
33,Hexachordum Apollinis,7,Various,,5,
34,Chorale Preludes,7,Various,,5,Prelude
35,Musicalische Ergötzung,7,Various,,5,
36,Concerto grosso Op.6 No.8,8,Various,,5,Concerto
37,Violin Sonatas Op.5,8,Various,,5,Sonata
38,Concerti grossi,8,Various,,5,
39,Trio Sonatas,8,Various,,5,Sonata
40,Christmas Concerto,8,Various,,5,Concerto
41,Keyboard Sonatas (K.1–555),9,Various,,5,Sonata
42,Essercizi per gravicembalo,9,Various,,5,
43,Sonata in D minor K.9,9,Various,D minor,5,Sonata
44,Sonata in E major K.380,9,Various,E major,5,Sonata
45,Sonata in B minor K.87,9,Various,B minor,5,Sonata
46,The Creation,10,Various,,5,
47,The Seasons,10,Various,,5,
48,Symphony No.94 (Surprise),10,Various,,5,Symphony
49,String Quartets Op.33,10,Various,,5,Quartet
50,Trumpet Concerto,10,Various,,5,Concerto
51,Requiem,11,Various,,5,Requiem
52,The Magic Flute,11,Various,,5,
53,Symphony No.40,11,Various,,5,Symphony
54,Piano Concerto No.21,11,Various,,5,Concerto
55,Eine kleine Nachtmusik,11,Various,,5,
56,Symphony No.5,12,Various,,5,Symphony
57,Symphony No.9,12,Various,,5,Symphony
58,Moonlight Sonata,12,Various,,5,Sonata
59,Fidelio,12,Various,,5,
60,Piano Concerto No.5,12,Various,,5,Concerto
61,Ave Maria,13,Various,,5,
62,Winterreise,13,Various,,5,
63,Symphony No.8,13,Various,,5,Symphony
64,Die Schöne Müllerin,13,Various,,5,
65,Symphony No.9,13,Various,,5,Symphony
66,Carnaval,14,Various,,5,
67,Kinderszenen,14,Various,,5,
68,Dichterliebe,14,Various,,5,
69,Piano Concerto in A minor,14,Various,A minor,5,Concerto
70,Scenes from Goethe's Faust,14,Various,,5,
71,A Midsummer Night's Dream,15,Various,,5,
72,Violin Concerto in E minor,15,Various,E minor,5,Concerto
73,Songs Without Words,15,Various,,5,Song
74,Elijah,15,Various,,5,
75,Octet in E-flat,15,Various,,5,
76,A German Requiem,16,Various,,5,Requiem
77,Symphony No.1,16,Various,,5,Symphony
78,Symphony No.4,16,Various,,5,Symphony
79,Hungarian Dances,16,Various,,5,Dance
80,Piano Quintet in F minor,16,Various,F minor,5,Quintet
81,Nocturnes,17,Various,,5,Nocturne
82,Ballade No.1,17,Various,,5,Ballade
83,Etudes Op.10 & Op.25,17,Various,,5,Etude
84,Polonaises,17,Various,,5,Polonaise
85,Revolutionary Etude,17,Various,,5,Etude
86,Hungarian Rhapsodies,18,Various,,5,
87,Années de pèlerinage,18,Various,,5,
88,Piano Sonata in B minor,18,Various,B minor,5,Sonata
89,Liebestraum,18,Various,,5,
90,La Campanella,18,Various,,5,
91,La Bohème,19,Various,,5,
92,Tosca,19,Various,,5,
93,Madama Butterfly,19,Various,,5,
94,Turandot,19,Various,,5,
95,Manon Lescaut,19,Various,,5,
96,La Traviata,20,Various,,5,
97,Aida,20,Various,,5,
98,Rigoletto,20,Various,,5,
99,Otello,20,Various,,5,
100,Requiem,20,Various,,5,Requiem
101,The Ring Cycle,21,Various,,5,
102,Tristan und Isolde,21,Various,,5,
103,Parsifal,21,Various,,5,
104,Die Meistersinger,21,Various,,5,
105,Tannhäuser,21,Various,,5,
106,Swan Lake,22,Various,,5,
107,The Nutcracker,22,Various,,5,
108,1812 Overture,22,Various,,5,Overture
109,Symphony No.6,22,Various,,5,Symphony
110,Piano Concerto No.1,22,Various,,5,Concerto
111,Pictures at an Exhibition,23,Various,,5,
112,Boris Godunov,23,Various,,5,
113,Night on Bald Mountain,23,Various,,5,
114,Khovanshchina,23,Various,,5,
115,Songs and Dances of Death,23,Various,,5,Dance
116,Scheherazade,24,Various,,5,
117,Flight of the Bumblebee,24,Various,,5,
118,Capriccio Espagnol,24,Various,,5,Capriccio
119,Russian Easter Festival Overture,24,Various,,5,Overture
120,The Golden Cockerel,24,Various,,5,
121,Piano Concerto No.2,25,Various,,5,Concerto
122,Rhapsody on a Theme of Paganini,25,Various,,5,Rhapsody
123,Piano Concerto No.3,25,Various,,5,Concerto
124,Symphony No.2,25,Various,,5,Symphony
125,Vocalise,25,Various,,5,
126,The Rite of Spring,26,Various,,5,
127,The Firebird,26,Various,,5,
128,Petrushka,26,Various,,5,
129,Symphony of Psalms,26,Various,,5,Symphony
130,The Soldier's Tale,26,Various,,5,
131,Prelude to the Afternoon of a Faun,27,Various,,5,Prelude
132,Clair de Lune,27,Various,,5,
133,La Mer,27,Various,,5,
134,Prelude Book I & II,27,Various,,5,Prelude
135,Children's Corner,27,Various,,5,
136,Boléro,28,Various,,5,
137,Daphnis et Chloé,28,Various,,5,
138,Pavane for a Dead Princess,28,Various,,5,
139,Gaspard de la nuit,28,Various,,5,
140,Mother Goose Suite,28,Various,,5,Suite
141,Requiem,29,Various,,5,Requiem
142,Pavane,29,Various,,5,
143,Après un rêve,29,Various,,5,
144,Dolly Suite,29,Various,,5,Suite
145,Cantique de Jean Racine,29,Various,,5,
146,The Carnival of the Animals,30,Various,,5,
147,Danse Macabre,30,Various,,5,
148,Organ Symphony,30,Various,,5,Symphony
149,Samson and Delilah,30,Various,,5,
150,Piano Concerto No.2,30,Various,,5,Concerto
151,Symphony No.9 (From the New World),31,Various,,5,Symphony
152,Cello Concerto,31,Various,,5,Concerto
153,Slavonic Dances,31,Various,,5,Dance
154,Symphonic Variations,31,Various,,5,Variations
155,Rusalka,31,Various,,5,
156,Má vlast,32,Various,,5,
157,The Moldau,32,Various,,5,
158,The Bartered Bride,32,Various,,5,
159,String Quartet No.1,32,Various,,5,Quartet
160,Piano Trio,32,Various,,5,Trio
161,Symphony No.2,33,Various,,5,Symphony
162,Symphony No.5,33,Various,,5,Symphony
163,Symphony No.1,33,Various,,5,Symphony
164,Das Lied von der Erde,33,Various,,5,
165,Symphony No.8,33,Various,,5,Symphony
166,Symphony No.7,34,Various,,5,Symphony
167,Te Deum,34,Various,,5,
168,Symphony No.8,34,Various,,5,Symphony
169,Mass in F minor,34,Various,F minor,5,Mass
170,Symphony No.4,34,Various,,5,Symphony
171,The Blue Danube,35,Various,,5,
172,Die Fledermaus,35,Various,,5,
173,Tales from the Vienna Woods,35,Various,,5,
174,Radetzky March,35,Various,,5,
175,Under the Double Eagle,35,Various,,5,
176,The Barber of Seville,36,Various,,5,
177,William Tell Overture,36,Various,,5,Overture
178,La Cenerentola,36,Various,,5,
179,Semiramide,36,Various,,5,
180,Stabat Mater,36,Various,,5,
181,L'elisir d'amore,37,Various,,5,
182,Lucia di Lammermoor,37,Various,,5,
183,Don Pasquale,37,Various,,5,
184,Anna Bolena,37,Various,,5,
185,Maria Stuarda,37,Various,,5,
186,Norma,38,Various,,5,
187,La sonnambula,38,Various,,5,
188,I puritani,38,Various,,5,
189,Casta Diva,38,Various,,5,
190,Beatrice di Tenda,38,Various,,5,
191,Orpheus in the Underworld,39,Various,,5,
192,The Tales of Hoffmann,39,Various,,5,
193,Can-can,39,Various,,5,
194,La belle Hélène,39,Various,,5,
195,La Vie parisienne,39,Various,,5,
196,Carmen,40,Various,,5,
197,The Pearl Fishers,40,Various,,5,
198,L'Arlésienne,40,Various,,5,
199,Symphony in C,40,Various,,5,Symphony
200,Jeux d'enfants,40,Various,,5,
201,Prince Igor,41,Various,,5,
202,Polovtsian Dances,41,Various,,5,Dance
203,String Quartet No.2,41,Various,,5,Quartet
204,Symphony No.2,41,Various,,5,Symphony
205,In the Steppes of Central Asia,41,Various,,5,
206,Peter and the Wolf,42,Various,,5,
207,Romeo and Juliet,42,Various,,5,
208,Classical Symphony,42,Various,,5,Symphony
209,Piano Concerto No.3,42,Various,,5,Concerto
210,War Sonatas,42,Various,,5,Sonata
211,Symphony No.5,43,Various,,5,Symphony
212,String Quartet No.8,43,Various,,5,Quartet
213,Lady Macbeth of Mtsensk,43,Various,,5,
214,Piano Concerto No.2,43,Various,,5,Concerto
215,Symphony No.10,43,Various,,5,Symphony
216,Peter Grimes,44,Various,,5,
217,War Requiem,44,Various,,5,Requiem
218,The Young Person's Guide to the Orchestra,44,Various,,5,
219,Billy Budd,44,Various,,5,
220,Curlew River,44,Various,,5,
221,Enigma Variations,45,Various,,5,Variations
222,Pomp and Circumstance,45,Various,,5,
223,Cello Concerto,45,Various,,5,Concerto
224,The Dream of Gerontius,45,Various,,5,
225,Sea Pictures,45,Various,,5,
226,The Lark Ascending,46,Various,,5,
227,Fantasia on a Theme by Thomas Tallis,46,Various,,5,Fantasia
228,A London Symphony,46,Various,,5,Symphony
229,Fantasia on Greensleeves,46,Various,,5,Fantasia
230,Job,46,Various,,5,
231,Finlandia,47,Various,,5,
232,Valse Triste,47,Various,,5,
233,Symphony No.2,47,Various,,5,Symphony
234,The Swan of Tuonela,47,Various,,5,
235,Violin Concerto,47,Various,,5,Concerto
236,Jenůfa,48,Various,,5,
237,Sinfonietta,48,Various,,5,
238,The Cunning Little Vixen,48,Various,,5,
239,From the House of the Dead,48,Various,,5,
240,Taras Bulba,48,Various,,5,
241,Mathis der Maler,49,Various,,5,
242,Ludus Tonalis,49,Various,,5,
243,Symphonic Metamorphosis,49,Various,,5,
244,Kammermusik,49,Various,,5,
245,Concerto for Viola,49,Various,,5,Concerto
246,The Planets,50,Various,,5,
247,St Paul's Suite,50,Various,,5,Suite
248,A Moorside Suite,50,Various,,5,Suite
249,Hammersmith,50,Various,,5,
250,The Perfect Fool,50,Various,,5,
251,Lachrimae,51,Various,,5,
252,Flow My Tears,51,Various,,5,
253,Come Again,51,Various,,5,
254,In Darkness Let Me Dwell,51,Various,,5,
255,Can She Excuse My Wrongs,51,Various,,5,
256,Missa Pange lingua,52,Various,,5,
257,Ave Maria ... virgo serena,52,Various,,5,
258,Miserere,52,Various,,5,
259,El Grillo,52,Various,,5,
260,Nymphes des bois,52,Various,,5,
261,Fantazia,53,Various,,5,
262,The Silver Swan,53,Various,,5,
263,"Drop, Drop Slow Tears",53,Various,,5,
264,O Clap Your Hands,53,Various,,5,
265,Keyboard Works,53,Various,,5,
266,Spiegel im Spiegel,54,Various,,5,
267,Fratres,54,Various,,5,
268,Tabula Rasa,54,Various,,5,
269,Cantus in Memoriam Benjamin Britten,54,Various,,5,
270,Te Deum,54,Various,,5,
271,Einstein on the Beach,55,Various,,5,
272,Glassworks,55,Various,,5,
273,Koyaanisqatsi,55,Various,,5,
274,Metamorphosis,55,Various,,5,
275,Satyagraha,55,Various,,5,
276,Music for 18 Musicians,56,Various,,5,
277,Different Trains,56,Various,,5,
278,Drumming,56,Various,,5,
279,Tehillim,56,Various,,5,
280,Pendulum Music,56,Various,,5,
281,Nixon in China,57,Various,,5,
282,Shaker Loops,57,Various,,5,
283,Short Ride in a Fast Machine,57,Various,,5,
284,Doctor Atomic,57,Various,,5,
285,Harmonielehre,57,Various,,5,
286,Symphony No.3,58,Various,,5,Symphony
287,Totus Tuus,58,Various,,5,
288,Scontri,58,Various,,5,
289,Beatus Vir,58,Various,,5,
290,Old Polish Music,58,Various,,5,
291,Turangalîla-Symphonie,59,Various,,5,
292,Quartet for the End of Time,59,Various,,5,Quartet
293,Catalogue d'oiseaux,59,Various,,5,
294,Vingt Regards sur l'Enfant-Jésus,59,Various,,5,
295,La Transfiguration de Notre Seigneur Jésus-Christ,59,Various,,5,
296,Peer Gynt (Morning Mood),60,Various,,5,
297,Piano Concerto in A minor,60,Various,A minor,5,Concerto
298,Lyric Pieces,60,Various,,5,
299,Holberg Suite,60,Various,,5,Suite
300,Two Elegiac Melodies,60,Various,,5,
301,Gloria,61,Various,,5,
302,Dialogues des Carmélites,61,Various,,5,
303,Les biches,61,Various,,5,
304,Concerto for Two Pianos,61,Various,,5,Concerto
305,Figure humaine,61,Various,,5,
306,Tafelmusik,62,Various,,5,
307,Concertos,62,Various,,5,Concerto
308,Oratorios,62,Various,,5,Oratorio
309,Suites,62,Various,,5,Suite
310,Twelve Fantasias,62,Various,,5,Fantasia
311,Les Indes galantes,63,Various,,5,
312,Hippolyte et Aricie,63,Various,,5,
313,Pièces de clavecin,63,Various,,5,
314,Castor et Pollux,63,Various,,5,
315,Dardanus,63,Various,,5,
316,24 Caprices for Solo Violin,64,Various,,5,Caprice
317,Violin Concerto No.1,64,Various,,5,Concerto
318,Moto Perpetuo,64,Various,,5,
319,La Campanella,64,Various,,5,
320,Violin Concerto No.2,64,Various,,5,Concerto
321,Piano Sonata No.5,65,Various,,5,Sonata
322,Poem of Ecstasy,65,Various,,5,
323,Vers la flamme,65,Various,,5,
324,Prometheus,65,Various,,5,
325,Piano Sonata No.9,65,Various,,5,Sonata
326,Wozzeck,66,Various,,5,
327,Lyric Suite,66,Various,,5,Suite
328,Violin Concerto,66,Various,,5,Concerto
329,Three Pieces for Orchestra,66,Various,,5,
330,Chamber Concerto,66,Various,,5,Concerto
331,Symphony Op.21,67,Various,,5,Symphony
332,Six Bagatelles for String Quartet,67,Various,,5,Quartet
333,Five Pieces for Orchestra,67,Various,,5,
334,Passacaglia Op.1,67,Various,,5,Passacaglia
335,Concerto for Nine Instruments,67,Various,,5,Concerto
336,Byzantine-inspired works,68,Various,,5,
337,Operas,68,Various,,5,Opera
338,Symphonies,68,Various,,5,
339,Choral works,68,Various,,5,
340,Chamber music,68,Various,,5,
341,Six Sonatas for Solo Violin,69,Various,,5,Sonata
342,Poème élégiaque,69,Various,,5,
343,Violin Concerto,69,Various,,5,Concerto
344,Ballade,69,Various,,5,Ballade
345,Légende,69,Various,,5,
346,Ionisation,70,Various,,5,
347,Amériques,70,Various,,5,
348,Déserts,70,Various,,5,
349,Octandre,70,Various,,5,
350,Arcana,70,Various,,5,
351,Star Wars Main Title,71,Various,,5,
352,Raiders of the Lost Ark,71,Various,,5,
353,Schindler's List,71,Various,,5,
354,Jaws Theme,71,Various,,5,
355,Harry Potter themes,71,Various,,5,
356,"The Good, the Bad and the Ugly Theme",72,Various,,5,
357,Cinema Paradiso,72,Various,,5,
358,The Mission,72,Various,,5,
359,Once Upon a Time in the West,72,Various,,5,
360,Gabriel's Oboe,72,Various,,5,
361,Inception (film score),73,Various,,5,
362,Gladiator,73,Various,,5,
363,Interstellar,73,Various,,5,
364,Pirates of the Caribbean,73,Various,,5,
365,The Lion King (with others),73,Various,,5,
366,Sabre Dance,74,Various,,5,Dance
367,Gayane Suite,74,Various,,5,Suite
368,Piano Concerto,74,Various,,5,Concerto
369,Violin Concerto,74,Various,,5,Concerto
370,Spartacus,74,Various,,5,
371,Concerto Grosso No.1,75,Various,,5,Concerto
372,Symphony No.1,75,Various,,5,Symphony
373,Piano Quintet,75,Various,,5,Quintet
374,Requiem,75,Various,,5,Requiem
375,Film Scores,75,Various,,5,
376,Threnody to the Victims of Hiroshima,76,Various,,5,
377,St Luke Passion,76,Various,,5,
378,Polish Requiem,76,Various,,5,Requiem
379,Utrenja,76,Various,,5,
380,Anaklasis,76,Various,,5,
381,Tenebrae Responsories,77,Various,,5,
382,Madrigali,77,Various,,5,
383,Sacrae Cantiones,77,Various,,5,
384,Books of Madrigals,77,Various,,5,
385,Sacred Works,77,Various,,5,
386,"4'33""",78,Various,,5,
387,Sonatas and Interludes,78,Various,,5,Sonata
388,Music of Changes,78,Various,,5,
389,Atlas Eclipticalis,78,Various,,5,
390,Cheap Imitation,78,Various,,5,
391,Lyric Symphony,79,Various,,5,Symphony
392,Die Seejungfrau,79,Various,,5,
393,Lyrische Symphonie,79,Various,,5,
394,Chamber Works,79,Various,,5,
395,Operas,79,Various,,5,Opera
396,Spem in alium,80,Various,,5,
397,If Ye Love Me,80,Various,,5,
398,Lamentations,80,Various,,5,
399,Gaude gloriosa,80,Various,,5,
400,O Nata Lux,80,Various,,5,
401,Mass for Four Voices,81,Various,,5,Mass
402,Ave verum corpus,81,Various,,5,
403,"Psalmes, Sonets and Songs",81,Various,,5,Song
404,Keyboard Works,81,Various,,5,
405,Consort Music,81,Various,,5,
406,Rhapsody in Blue,82,Various,,5,Rhapsody
407,An American in Paris,82,Various,,5,
408,Porgy and Bess,82,Various,,5,
409,Concerto in F,82,Various,,5,Concerto
410,Three Preludes,82,Various,,5,Prelude
411,Mood Indigo,83,Various,,5,
412,It Don't Mean a Thing,83,Various,,5,
413,Sophisticated Lady,83,Various,,5,
414,Take the 'A' Train,83,Various,,5,
415,In a Sentimental Mood,83,Various,,5,
416,The Maple Leaf Rag,84,Various,,5,
417,The Entertainer,84,Various,,5,
418,Treemonisha,84,Various,,5,
419,Solace,84,Various,,5,
420,Pine Apple Rag,84,Various,,5,
421,The Unanswered Question,85,Various,,5,
422,Four Songs,85,Various,,5,Song
423,Concord Sonata,85,Various,,5,Sonata
424,Central Park in the Dark,85,Various,,5,
425,Three Places in New England,85,Various,,5,
426,Adagio for Strings,86,Various,,5,
427,Knoxville: Summer of 1915,86,Various,,5,
428,Violin Concerto,86,Various,,5,Concerto
429,Piano Sonata,86,Various,,5,Sonata
430,Hermit Songs,86,Various,,5,Song
431,L'Amour de loin,87,Various,,5,
432,Graal théâtre,87,Various,,5,
433,Lonh,87,Various,,5,
434,Cantus,87,Various,,5,
435,Du cristal,87,Various,,5,
436,Offertorium,88,Various,,5,
437,In tempus praesens,88,Various,,5,
438,The Canticle of the Sun,88,Various,,5,
439,Rejoice!,88,Various,,5,
440,Canticle,88,Various,,5,
441,La Pasión según San Marcos,89,Various,,5,
442,Ainadamar,89,Various,,5,
443,Ayre,89,Various,,5,
444,Oceana,89,Various,,5,
445,Dreams and Prayers of Isaac the Blind,89,Various,,5,
446,The Red Violin (score),90,Various,,5,
447,Symphony No.1,90,Various,,5,Symphony
448,Ghosts of Versailles (opera),90,Various,,5,Opera
449,Pied Piper Fantasy,90,Various,,5,
450,Mr. Tambourine Man,90,Various,,5,
451,Bachianas Brasileiras No.5,91,,,5,
452,Chôros No.10,91,,,5,
453,Ciclo Prelúdios,91,,,5,
454,String Quartet No.10,91,,,5,Quartet
455,Uirapuru,91,,,5,
456,Appalachian Spring,92,,,5,
457,Fanfare for the Common Man,92,,,5,
458,Rodeo,92,,,5,
459,Billy the Kid,92,,,5,
460,El Salón México,92,,,5,
461,The Windmills of Your Mind,93,,,5,
462,Summer of '42 Theme,93,,,5,
463,Les Parapluies de Cherbourg,93,,,5,
464,Two for the Road,93,,,5,
465,I Will Wait For You,93,,,5,
466,De Ushuaia a La Quiaca,94,,,5,
467,The Motorcycle Diaries,94,,,5,
468,Babel,94,,,5,
469,Brokeback Mountain,94,,,5,
470,Last of the Mohicans_theme,94,,,5,
471,The Godfather Love Theme,95,,,5,
472,La Dolce Vita score,95,,,5,
473,8½ score,95,,,5,
474,Romeo and Juliet (1968) score,95,,,5,
475,The Leopard score,95,,,5,
476,On the Nature of Daylight,96,,,5,
477,Sleep,96,,,5,
478,Vladimir's Blues,96,,,5,
479,November,96,,,5,
480,Infra,96,,,5,
481,Pie Jesu,97,,,5,
482,Psalm 24,97,,,5,
483,D'un matin de printemps,97,,,5,
484,Faust et Hélène,97,,,5,
485,Les sirènes,97,,,5,
486,Gymnopédies,98,,,5,
487,Gnossiennes,98,,,5,
488,Je te veux,98,,,5,
489,Socrate,98,,,5,
490,Trois morceaux en forme de poire,98,,,5,
491,Riverside,99,,,5,
492,The Curse,99,,,5,
493,Fuel to Fire,99,,,5,
494,Dorian,99,,,5,
495,Aventine,99,,,5,
496,Partita for 8 Voices,100,,,5,Partita
497,Entr'acte,100,,,5,
498,Ixion,100,,,5,
499,To the Hands,100,,,5,
500,The Listeners,100,,,5,
